dayOfWeek,isWeekend,isHoliday,sessionCount,deepWorkMinutes,calendarEventCount,startHour,endHour,startHour_cat,startHour_cat_name
5,0,0,6,345,3,8,17,1,Early
3,0,0,2,48,1,19,23,5,Evening
6,0,0,10,479,5,5,9,1,Early
3,0,0,5,133,4,14,22,4,Afternoon
4,0,0,5,161,0,15,19,4,Afternoon
4,0,0,7,433,8,7,12,1,Early
4,0,1,2,115,0,20,23,5,Evening
4,0,0,5,87,2,18,23,5,Evening
2,0,0,4,117,1,19,23,5,Evening
6,0,0,4,71,3,15,22,4,Afternoon
3,0,1,6,313,6,9,18,2,Morning
3,0,0,5,51,3,20,23,5,Evening
2,0,0,6,151,2,11,16,3,Midday
4,0,1,0,0,1,0,0,0,None
6,0,0,7,416,8,4,13,1,Early
7,1,0,0,0,0,0,0,0,None
4,0,0,8,255,5,2,10,1,Early
6,0,0,11,289,4,1,11,1,Early
4,0,0,11,352,8,5,10,1,Early
6,0,0,11,240,6,3,10,1,Early
5,0,0,5,180,2,9,19,2,Morning
5,0,0,7,303,5,7,17,1,Early
6,0,0,6,98,1,13,17,4,Afternoon
6,0,0,12,340,7,4,8,1,Early
6,0,0,6,221,4,14,23,4,Afternoon
3,0,0,6,210,6,8,14,1,Early
4,0,0,8,308,5,8,16,1,Early
6,0,0,10,286,3,6,13,1,Early
3,0,0,7,306,8,6,10,1,Early
3,0,0,9,337,6,9,15,2,Morning
6,0,0,2,135,0,20,23,5,Evening
3,0,1,6,297,5,8,12,1,Early
6,0,0,11,303,6,6,11,1,Early
2,0,0,0,0,0,0,0,0,None
4,0,0,7,347,4,7,13,1,Early
4,0,0,8,477,5,1,5,1,Early
5,0,0,4,107,3,17,23,5,Evening
5,0,0,2,158,3,19,23,5,Evening
5,0,0,10,359,3,4,9,1,Early
4,0,0,10,422,7,5,11,1,Early
4,0,0,5,150,2,14,23,4,Afternoon
3,0,0,12,353,4,6,16,1,Early
5,0,0,10,276,3,7,16,1,Early
3,0,0,9,313,3,2,12,1,Early
6,0,0,6,179,4,13,23,4,Afternoon
3,0,0,3,62,2,12,20,3,Midday
6,0,0,5,88,2,13,17,4,Afternoon
6,0,0,9,229,5,9,18,2,Morning
6,0,0,11,477,4,3,11,1,Early
5,0,0,4,65,3,17,23,5,Evening
2,0,0,4,83,2,17,23,5,Evening
4,0,0,8,309,3,9,16,2,Morning
3,0,0,5,66,3,18,23,5,Evening
3,0,0,4,144,2,10,15,2,Morning
2,0,0,3,83,0,18,23,5,Evening
5,0,0,4,132,0,15,21,4,Afternoon
4,0,0,5,290,4,8,12,1,Early
4,0,0,12,351,7,5,13,1,Early
4,0,0,7,393,4,7,15,1,Early
3,0,0,11,342,6,6,13,1,Early
3,0,0,12,342,4,7,15,1,Early
5,0,0,0,0,0,0,0,0,None
2,0,0,7,324,5,2,10,1,Early
2,0,0,3,136,3,13,19,4,Afternoon
3,0,0,4,80,4,12,20,3,Midday
6,0,0,5,295,2,10,18,2,Morning
4,0,0,3,98,0,18,23,5,Evening
5,0,0,5,194,3,14,23,4,Afternoon
5,0,0,9,448,4,5,11,1,Early
7,1,0,0,0,0,0,0,0,None
6,0,0,8,266,4,4,8,1,Early
2,0,0,4,100,1,19,23,5,Evening
5,0,0,5,76,2,13,19,4,Afternoon
3,0,0,12,328,5,7,16,1,Early
6,0,0,8,203,6,8,18,1,Early
2,0,0,6,258,5,11,16,3,Midday
4,0,0,7,384,6,3,13,1,Early
4,0,0,10,259,7,3,10,1,Early
2,0,0,4,173,2,16,23,4,Afternoon
3,0,0,11,384,3,4,12,1,Early
5,0,0,6,131,3,13,18,4,Afternoon
4,0,0,12,420,4,1,8,1,Early
4,0,0,12,442,8,4,10,1,Early
2,0,0,12,417,5,6,10,1,Early
4,0,0,8,242,4,9,13,2,Morning
2,0,0,12,476,4,6,12,1,Early
2,0,0,6,175,1,14,18,4,Afternoon
5,0,0,11,421,3,5,11,1,Early
4,0,0,5,266,4,8,18,1,Early
2,0,0,2,98,0,17,21,5,Evening
6,0,0,5,169,3,13,17,4,Afternoon
5,0,0,3,210,4,12,17,3,Midday
6,0,0,11,410,4,3,11,1,Early
6,0,0,12,328,6,2,10,1,Early
6,0,0,8,465,7,1,10,1,Early
6,0,0,11,457,4,4,10,1,Early
5,0,0,2,123,1,18,23,5,Evening
2,0,0,5,333,2,9,14,2,Morning
2,0,0,4,73,2,17,23,5,Evening
4,0,0,5,350,2,8,14,1,Early
4,0,0,3,66,1,18,23,5,Evening
3,0,0,7,460,8,1,7,1,Early
3,0,0,4,162,4,13,19,4,Afternoon
5,0,0,2,50,1,18,23,5,Evening
6,0,0,6,272,6,9,16,2,Morning
2,0,0,5,194,3,10,19,2,Morning
4,0,0,5,137,4,11,17,3,Midday
3,0,0,9,209,6,8,17,1,Early
2,0,0,7,247,5,8,17,1,Early
5,0,0,5,137,3,15,23,4,Afternoon
2,0,0,3,98,2,12,22,3,Midday
4,0,0,10,331,3,2,6,1,Early
6,0,1,6,66,2,12,21,3,Midday
6,0,0,10,475,8,7,16,1,Early
5,0,0,3,187,3,14,23,4,Afternoon
4,0,0,4,126,2,14,20,4,Afternoon
2,0,0,2,45,0,20,23,5,Evening
6,0,0,5,125,1,12,19,3,Midday
2,0,0,5,99,3,18,23,5,Evening
3,0,0,3,229,1,12,18,3,Midday
6,0,0,7,381,3,7,13,1,Early
5,0,1,5,178,0,19,23,5,Evening
2,0,0,7,278,4,10,17,2,Morning
2,0,0,12,333,5,2,11,1,Early
4,0,0,4,41,2,16,20,4,Afternoon
4,0,0,3,91,2,13,21,4,Afternoon
6,0,0,10,338,5,7,12,1,Early
2,0,0,9,457,6,5,12,1,Early
3,0,0,9,292,4,6,13,1,Early
6,0,0,4,234,2,13,19,4,Afternoon
2,0,0,4,176,3,13,20,4,Afternoon
3,0,0,5,115,1,19,23,5,Evening
5,0,0,11,408,5,4,12,1,Early
6,0,0,4,172,2,11,20,3,Midday
3,0,0,3,130,2,16,20,4,Afternoon
2,0,0,7,126,2,11,19,3,Midday
5,0,0,6,177,2,14,19,4,Afternoon
4,0,1,2,176,1,16,23,4,Afternoon
2,0,0,7,293,3,11,16,3,Midday
2,0,0,3,109,1,13,19,4,Afternoon
1,1,0,0,0,0,0,0,0,None
3,0,0,10,315,8,4,10,1,Early
2,0,0,3,238,2,14,23,4,Afternoon
3,0,0,10,368,6,4,8,1,Early
4,0,0,3,187,4,13,22,4,Afternoon
6,0,0,3,102,0,19,23,5,Evening
2,0,0,11,455,8,4,11,1,Early
2,0,0,3,69,2,17,21,5,Evening
5,0,0,5,40,1,20,23,5,Evening
4,0,0,10,387,6,2,8,1,Early
2,0,0,5,102,4,12,16,3,Midday
6,0,0,5,209,3,11,19,3,Midday
4,0,0,12,424,5,1,5,1,Early
2,0,0,4,98,1,20,23,5,Evening
5,0,0,6,152,1,12,18,3,Midday
6,0,0,4,104,0,18,22,5,Evening
5,0,0,3,71,2,14,23,4,Afternoon
2,0,0,10,308,4,2,9,1,Early
4,0,0,5,206,3,12,22,3,Midday
5,0,0,4,127,1,13,19,4,Afternoon
2,0,1,11,390,4,7,12,1,Early
5,0,0,6,286,5,10,15,2,Morning
3,0,0,9,473,3,5,12,1,Early
2,0,0,11,445,4,3,8,1,Early
3,0,0,10,478,6,3,8,1,Early
6,0,0,12,319,8,3,13,1,Early
3,0,0,0,0,0,0,0,0,None
2,0,0,7,247,4,9,15,2,Morning
2,0,0,4,149,0,19,23,5,Evening
6,0,0,9,239,3,9,14,2,Morning
2,0,0,6,211,2,11,20,3,Midday
5,0,0,9,263,2,9,15,2,Morning
6,0,0,9,475,6,1,5,1,Early
3,0,0,3,145,0,19,23,5,Evening
5,0,0,2,101,0,17,23,5,Evening
6,0,0,7,318,4,6,16,1,Early
2,0,0,3,104,2,20,23,5,Evening
3,0,0,7,317,6,5,10,1,Early
3,0,1,0,0,0,0,0,0,None
2,0,0,5,39,0,17,21,5,Evening
5,0,0,7,258,7,2,6,1,Early
5,0,0,7,244,5,5,11,1,Early
2,0,0,4,166,3,15,21,4,Afternoon
4,0,0,6,136,1,13,23,4,Afternoon
6,0,0,9,188,2,9,13,2,Morning
3,0,0,5,167,5,10,17,2,Morning
4,0,0,8,262,3,3,7,1,Early
4,0,0,12,360,8,6,14,1,Early
6,0,0,0,0,0,0,0,0,None
6,0,0,2,92,2,15,21,4,Afternoon
2,0,0,5,148,3,16,23,4,Afternoon
4,0,0,12,449,6,3,8,1,Early
3,0,0,8,270,2,9,15,2,Morning
4,0,0,10,454,8,6,11,1,Early
4,0,0,4,145,5,10,20,2,Morning
2,0,0,7,414,5,4,8,1,Early
3,0,0,4,152,3,19,23,5,Evening
6,0,0,10,297,6,4,12,1,Early
3,0,0,6,239,4,10,20,2,Morning
3,0,0,5,176,2,10,18,2,Morning
5,0,0,4,65,2,14,21,4,Afternoon
6,0,0,3,82,2,18,23,5,Evening
6,0,0,8,328,4,8,17,1,Early
5,0,0,5,187,3,12,20,3,Midday
3,0,1,3,68,0,16,21,4,Afternoon
1,1,0,0,0,0,0,0,0,None
3,0,0,6,202,3,14,20,4,Afternoon
3,0,0,12,398,7,4,10,1,Early
5,0,0,6,211,1,14,22,4,Afternoon
2,0,0,5,142,3,12,16,3,Midday
4,0,0,6,151,4,11,18,3,Midday
4,0,0,2,110,0,15,23,4,Afternoon
3,0,0,8,242,3,7,12,1,Early
2,0,0,5,34,2,16,23,4,Afternoon
6,0,0,5,178,1,14,23,4,Afternoon
5,0,0,6,184,4,13,23,4,Afternoon
3,0,0,7,235,3,8,15,1,Early
4,0,0,7,273,4,9,18,2,Morning
4,0,0,7,258,6,5,9,1,Early
2,0,0,11,315,4,1,7,1,Early
6,0,0,12,259,5,5,12,1,Early
5,0,0,4,234,1,14,18,4,Afternoon
3,0,0,12,331,4,4,10,1,Early
3,0,0,2,110,3,15,23,4,Afternoon
6,0,0,3,184,3,12,22,3,Midday
6,0,0,4,222,3,11,21,3,Midday
4,0,0,2,168,2,16,22,4,Afternoon
5,0,1,4,173,3,16,23,4,Afternoon
5,0,0,7,445,3,4,14,1,Early
6,0,0,9,304,4,9,17,2,Morning
4,0,0,11,469,6,3,7,1,Early
3,0,0,9,239,4,9,15,2,Morning
2,0,0,0,0,0,0,0,0,None
3,0,0,2,40,0,20,23,5,Evening
2,0,0,5,104,2,13,19,4,Afternoon
6,0,0,6,103,2,13,20,4,Afternoon
5,0,0,7,142,5,10,17,2,Morning
4,0,0,4,170,2,17,23,5,Evening
3,0,0,10,287,6,1,8,1,Early
4,0,0,9,349,7,2,12,1,Early
6,0,0,12,250,7,5,9,1,Early
3,0,0,5,134,0,15,23,4,Afternoon
4,0,0,5,82,1,14,21,4,Afternoon
5,0,0,8,291,5,8,16,1,Early
4,0,0,5,158,3,20,23,5,Evening
3,0,0,5,64,0,15,20,4,Afternoon
5,0,0,2,55,2,19,23,5,Evening
3,0,0,2,48,3,20,23,5,Evening
4,0,0,9,397,4,2,7,1,Early
2,0,0,10,333,5,2,7,1,Early
2,0,0,4,52,1,15,20,4,Afternoon
2,0,0,5,110,1,12,17,3,Midday
4,0,0,9,333,2,8,17,1,Early
4,0,0,2,152,3,17,23,5,Evening
2,0,0,3,68,3,15,23,4,Afternoon
3,0,0,4,160,1,18,23,5,Evening
4,0,0,3,159,3,12,18,3,Midday
5,0,0,11,399,7,3,8,1,Early
5,0,1,0,0,0,0,0,0,None
5,0,0,2,172,3,17,23,5,Evening
5,0,0,3,39,1,15,22,4,Afternoon
5,0,0,4,107,0,19,23,5,Evening
3,0,0,8,311,7,3,9,1,Early
4,0,0,6,235,3,12,18,3,Midday
4,0,0,5,166,3,13,17,4,Afternoon
5,0,0,7,240,2,10,20,2,Morning
2,0,0,4,213,2,13,18,4,Afternoon
3,0,0,4,235,4,13,18,4,Afternoon
4,0,0,8,385,4,5,13,1,Early
2,0,0,5,163,5,11,16,3,Midday
6,0,0,5,176,2,18,23,5,Evening
2,0,1,2,115,1,18,23,5,Evening
6,0,0,3,36,3,16,23,4,Afternoon
5,0,0,9,454,5,1,11,1,Early
2,0,0,4,127,0,16,23,4,Afternoon
3,0,0,3,221,3,12,19,3,Midday
2,0,0,3,235,3,12,16,3,Midday
2,0,1,10,251,5,2,6,1,Early
4,0,0,3,56,1,19,23,5,Evening
2,0,0,0,0,0,0,0,0,None
5,0,0,5,166,1,20,23,5,Evening
3,0,0,6,220,3,8,15,1,Early
5,0,0,7,470,8,5,12,1,Early
6,0,0,5,205,6,8,18,1,Early
2,0,0,10,392,8,7,17,1,Early
3,0,0,9,433,5,6,11,1,Early
5,0,0,10,297,4,2,9,1,Early
4,0,0,7,396,8,5,10,1,Early
3,0,0,5,243,5,8,16,1,Early
4,0,0,6,202,1,14,22,4,Afternoon
6,0,0,2,98,0,15,23,4,Afternoon
5,0,0,2,131,2,18,23,5,Evening
6,0,0,5,136,0,16,21,4,Afternoon
4,0,0,8,463,5,4,9,1,Early
4,0,0,4,169,2,12,22,3,Midday
5,0,0,12,353,8,6,16,1,Early
6,0,0,8,360,3,3,8,1,Early
6,0,0,8,442,4,3,9,1,Early
5,0,0,5,164,3,19,23,5,Evening
5,0,0,11,413,4,1,9,1,Early
2,0,0,9,240,8,2,10,1,Early
4,0,0,3,103,1,13,21,4,Afternoon
3,0,0,5,272,3,10,19,2,Morning
6,0,0,7,261,2,11,20,3,Midday
4,0,0,6,144,4,12,16,3,Midday
6,0,0,10,381,5,4,10,1,Early
5,0,0,5,64,1,15,23,4,Afternoon
3,0,0,3,155,0,19,23,5,Evening
4,0,0,9,454,4,2,12,1,Early
4,0,0,7,282,6,5,15,1,Early
5,0,0,4,269,5,11,18,3,Midday
5,0,0,7,354,2,8,15,1,Early
5,0,0,9,252,6,7,17,1,Early
5,0,0,7,370,6,5,12,1,Early
6,0,0,7,347,8,2,9,1,Early
3,0,0,5,135,1,12,20,3,Midday
5,0,0,3,75,2,16,23,4,Afternoon
2,0,0,12,294,8,4,9,1,Early
6,0,0,9,408,7,7,17,1,Early
6,0,0,2,68,1,20,23,5,Evening
3,0,0,4,143,5,11,15,3,Midday
6,0,0,3,43,0,15,20,4,Afternoon
4,0,1,12,316,7,5,12,1,Early
3,0,0,4,93,1,16,23,4,Afternoon
4,0,0,5,81,0,16,20,4,Afternoon
4,0,0,0,0,0,0,0,0,None
6,0,0,5,157,3,18,23,5,Evening
3,0,0,3,126,3,13,19,4,Afternoon
6,0,0,5,200,4,10,18,2,Morning
5,0,1,5,182,2,14,18,4,Afternoon
2,0,0,7,332,6,9,15,2,Morning
6,0,0,10,307,3,1,8,1,Early
3,0,0,3,120,4,13,23,4,Afternoon
4,0,0,8,257,3,6,13,1,Early
2,0,0,5,247,5,11,18,3,Midday
6,0,0,6,111,4,14,23,4,Afternoon
4,0,0,5,246,5,10,15,2,Morning
6,0,0,5,162,3,10,16,2,Morning
3,0,0,8,253,6,8,14,1,Early
2,0,0,6,245,4,11,19,3,Midday
1,1,0,0,0,0,0,0,0,None
6,0,0,7,328,4,4,11,1,Early
4,0,0,6,157,2,10,17,2,Morning
2,0,0,3,118,0,15,23,4,Afternoon
4,0,0,12,477,4,4,13,1,Early
3,0,0,8,353,6,3,13,1,Early
5,0,0,4,63,1,17,23,5,Evening
4,0,0,11,295,5,6,12,1,Early
4,0,0,7,314,5,9,14,2,Morning
4,0,0,2,156,3,16,23,4,Afternoon
5,0,0,0,0,0,0,0,0,None
3,0,0,11,467,7,2,9,1,Early
4,0,1,7,351,8,3,12,1,Early
2,0,0,7,314,5,9,19,2,Morning
5,0,0,6,258,3,9,19,2,Morning
2,0,0,10,446,5,4,8,1,Early
4,0,0,6,138,3,12,16,3,Midday
5,0,0,12,365,7,5,14,1,Early
5,0,0,11,431,6,6,10,1,Early
6,0,0,4,99,2,16,23,4,Afternoon
5,0,0,3,58,2,17,22,5,Evening
2,0,1,11,420,6,1,9,1,Early
6,0,0,5,112,0,18,23,5,Evening
3,0,0,3,55,0,17,23,5,Evening
4,0,0,10,428,6,1,11,1,Early
3,0,0,3,84,1,20,23,5,Evening
3,0,0,4,243,2,11,17,3,Midday
5,0,0,7,432,5,4,12,1,Early
4,0,0,12,374,5,7,15,1,Early
3,0,0,12,436,5,6,15,1,Early
6,0,0,8,408,6,4,11,1,Early
5,0,0,2,160,3,18,23,5,Evening
6,0,0,6,209,4,9,14,2,Morning
5,0,0,2,155,3,20,23,5,Evening
2,0,0,3,40,2,20,23,5,Evening
6,0,0,2,97,3,16,23,4,Afternoon
6,0,0,4,151,1,20,23,5,Evening
2,0,0,6,357,4,9,14,2,Morning
3,0,0,7,214,3,10,16,2,Morning
5,0,0,10,411,7,3,8,1,Early
5,0,0,0,0,0,0,0,0,None
4,0,0,5,137,2,15,21,4,Afternoon
6,0,0,4,141,3,17,23,5,Evening
5,0,0,2,109,2,20,23,5,Evening
4,0,0,4,73,3,19,23,5,Evening
4,0,0,4,117,1,20,23,5,Evening
3,0,0,12,281,6,5,10,1,Early
5,0,0,5,187,3,13,18,4,Afternoon
4,0,0,12,264,8,6,12,1,Early
3,0,0,3,70,2,20,23,5,Evening
3,0,0,9,281,4,8,15,1,Early
6,0,0,5,201,3,11,17,3,Midday
3,0,0,11,349,7,1,8,1,Early
2,0,0,3,158,3,20,23,5,Evening
4,0,0,8,188,4,8,18,1,Early
5,0,0,11,246,7,1,7,1,Early
3,0,0,8,437,8,5,11,1,Early
5,0,0,2,167,1,19,23,5,Evening
5,0,0,7,244,5,11,20,3,Midday
6,0,0,8,435,8,4,13,1,Early
6,0,0,10,257,8,3,8,1,Early
4,0,0,3,143,2,17,23,5,Evening
4,0,0,2,92,3,19,23,5,Evening
4,0,0,5,129,4,14,19,4,Afternoon
2,0,0,12,439,6,3,7,1,Early
3,0,0,2,112,3,20,23,5,Evening
5,0,0,8,291,2,9,18,2,Morning
2,0,0,11,398,8,6,14,1,Early
2,0,0,4,102,1,14,21,4,Afternoon
4,0,0,8,328,3,2,12,1,Early
5,0,0,3,173,2,17,22,5,Evening
2,0,0,8,259,4,8,16,1,Early
5,0,0,11,424,4,4,10,1,Early
4,0,0,7,268,7,3,12,1,Early
6,0,0,10,313,5,4,12,1,Early
6,0,0,7,253,4,11,15,3,Midday
5,0,0,7,391,5,7,15,1,Early
6,0,0,3,128,2,19,23,5,Evening
5,0,0,7,225,5,11,20,3,Midday
6,0,0,9,448,8,5,15,1,Early
2,0,0,3,93,3,18,23,5,Evening
6,0,0,5,164,3,20,23,5,Evening
3,0,0,8,397,5,4,14,1,Early
6,0,0,0,0,0,0,0,0,None
3,0,0,12,363,5,3,11,1,Early
6,0,0,5,143,2,15,23,4,Afternoon
2,0,0,9,419,8,7,12,1,Early
3,0,0,11,385,6,7,17,1,Early
1,1,0,0,0,0,0,0,0,None
6,0,0,2,108,0,18,23,5,Evening
4,0,0,4,139,2,10,20,2,Morning
3,0,0,8,263,6,7,14,1,Early
6,0,0,9,285,8,2,8,1,Early
6,0,0,6,123,4,10,15,2,Morning
4,0,0,2,67,1,17,22,5,Evening
3,0,0,10,441,3,4,14,1,Early
4,0,0,9,284,8,3,13,1,Early
4,0,0,3,83,3,17,23,5,Evening
5,0,0,7,256,5,8,16,1,Early
6,0,0,3,139,2,14,18,4,Afternoon
3,0,0,4,137,4,14,23,4,Afternoon
5,0,0,6,136,2,11,20,3,Midday
6,0,0,4,52,3,15,22,4,Afternoon
5,0,0,3,176,3,12,18,3,Midday
5,0,0,9,267,4,8,14,1,Early
3,0,0,4,230,3,14,23,4,Afternoon
5,0,0,7,341,6,4,10,1,Early
3,0,0,6,90,1,13,21,4,Afternoon
4,0,0,7,156,3,11,18,3,Midday
2,0,0,5,140,3,19,23,5,Evening
6,0,0,8,322,5,7,15,1,Early
5,0,0,3,154,2,16,21,4,Afternoon
3,0,0,9,343,7,7,16,1,Early
3,0,0,3,154,1,18,23,5,Evening
6,0,0,4,182,4,13,21,4,Afternoon
3,0,0,8,316,6,2,11,1,Early
3,0,0,5,294,5,11,20,3,Midday
3,0,0,7,243,7,5,10,1,Early
6,0,0,4,76,2,16,23,4,Afternoon
6,0,0,6,292,2,11,20,3,Midday
6,0,0,12,477,8,7,14,1,Early
6,0,0,4,174,4,13,21,4,Afternoon
4,0,1,12,405,6,3,13,1,Early
2,0,0,3,139,2,17,23,5,Evening
5,0,0,3,98,3,19,23,5,Evening
2,0,0,8,294,8,3,13,1,Early
3,0,0,12,286,4,1,11,1,Early
1,1,0,0,0,0,0,0,0,None
3,0,0,2,170,2,20,23,5,Evening
5,0,0,9,301,6,8,17,1,Early
3,0,0,4,110,0,17,23,5,Evening
6,0,0,2,92,2,20,23,5,Evening
4,0,0,12,244,7,5,12,1,Early
2,0,0,7,309,4,9,19,2,Morning
6,0,0,4,228,3,13,17,4,Afternoon
2,0,0,12,425,5,6,14,1,Early
2,0,0,4,59,0,15,19,4,Afternoon
5,0,0,11,477,6,1,8,1,Early
6,0,0,12,412,8,1,7,1,Early
2,0,0,2,58,2,19,23,5,Evening
2,0,0,4,47,2,17,23,5,Evening
4,0,0,2,77,3,15,19,4,Afternoon
3,0,0,4,48,0,18,23,5,Evening
2,0,0,9,257,7,6,15,1,Early
4,0,0,9,433,4,7,13,1,Early
2,0,0,4,94,0,17,23,5,Evening
4,0,0,2,111,3,20,23,5,Evening
2,0,0,5,145,4,14,19,4,Afternoon
6,0,0,3,146,1,20,23,5,Evening
5,0,0,9,344,6,4,9,1,Early
3,0,0,12,293,4,2,8,1,Early
5,0,0,8,248,6,8,14,1,Early
4,0,0,11,326,3,6,12,1,Early
4,0,0,6,211,1,12,16,3,Midday
3,0,0,6,176,4,14,22,4,Afternoon
5,0,0,5,38,1,15,22,4,Afternoon
5,0,0,12,245,3,7,12,1,Early
5,0,0,0,0,0,0,0,0,None
2,0,0,4,180,1,19,23,5,Evening
6,0,0,5,48,3,16,23,4,Afternoon
2,0,0,0,0,0,0,0,0,None
6,0,1,8,350,6,4,13,1,Early
4,0,1,10,242,5,4,8,1,Early
2,0,0,6,65,2,13,22,4,Afternoon
2,0,0,10,445,3,6,15,1,Early
5,0,0,7,225,2,10,20,2,Morning
3,0,0,12,329,4,5,15,1,Early
4,0,0,8,404,5,3,10,1,Early
2,0,0,5,153,4,14,23,4,Afternoon
3,0,0,2,156,2,20,23,5,Evening
2,0,0,8,352,7,3,7,1,Early
4,0,0,4,211,3,13,20,4,Afternoon
4,0,0,5,156,4,10,15,2,Morning
2,0,0,7,358,6,8,17,1,Early
6,0,0,3,148,0,19,23,5,Evening
6,0,0,3,115,2,17,23,5,Evening
5,0,0,3,31,2,17,22,5,Evening
6,0,0,10,475,3,1,7,1,Early
3,0,0,7,465,8,6,12,1,Early
4,0,0,5,123,3,12,18,3,Midday
6,0,0,6,295,2,9,18,2,Morning
6,0,0,3,52,1,20,23,5,Evening
4,0,0,9,324,5,9,19,2,Morning
3,0,0,5,257,4,10,17,2,Morning
4,0,0,5,264,6,9,19,2,Morning
2,0,0,4,181,5,10,16,2,Morning
2,0,0,2,118,0,19,23,5,Evening
4,0,0,6,213,2,11,18,3,Midday
2,0,0,7,218,2,9,16,2,Morning
5,0,0,11,394,6,1,9,1,Early
2,0,0,8,325,4,8,14,1,Early
6,0,0,10,332,3,5,15,1,Early
4,0,1,2,52,1,16,23,4,Afternoon
6,0,0,4,195,3,14,22,4,Afternoon
2,0,0,0,0,0,0,0,0,None
3,0,1,3,108,2,17,22,5,Evening
5,0,0,11,449,7,5,12,1,Early
3,0,0,5,114,4,12,17,3,Midday
4,0,0,3,167,3,20,23,5,Evening
4,0,0,0,0,0,0,0,0,None
4,0,0,6,135,4,10,19,2,Morning
3,0,0,11,331,3,3,8,1,Early
2,0,0,11,290,6,3,12,1,Early
6,0,0,11,468,7,6,14,1,Early
3,0,0,10,343,5,2,12,1,Early
4,0,0,9,244,4,2,11,1,Early
5,0,0,5,214,1,13,20,4,Afternoon
2,0,0,4,140,0,17,23,5,Evening
4,0,0,5,225,1,13,20,4,Afternoon
3,0,0,4,47,3,19,23,5,Evening
6,0,0,8,329,4,6,16,1,Early
4,0,0,3,119,2,19,23,5,Evening
4,0,0,11,269,3,5,11,1,Early
4,0,0,9,472,6,5,9,1,Early
2,0,0,8,296,8,3,11,1,Early
5,0,0,6,222,3,13,23,4,Afternoon
3,0,0,12,261,7,5,14,1,Early
3,0,0,3,164,2,19,23,5,Evening
4,0,0,11,314,7,1,10,1,Early
5,0,0,5,217,4,9,17,2,Morning
3,0,0,4,161,4,14,20,4,Afternoon
5,0,0,12,294,5,5,14,1,Early
5,0,0,5,237,3,10,16,2,Morning
4,0,0,9,363,7,2,10,1,Early
4,0,0,10,302,8,5,12,1,Early
2,0,0,4,162,1,14,20,4,Afternoon
6,0,0,5,279,5,10,16,2,Morning
4,0,0,8,285,6,2,10,1,Early
2,0,0,7,296,6,5,14,1,Early
2,0,0,5,70,4,13,19,4,Afternoon
2,0,0,5,39,0,16,23,4,Afternoon
3,0,0,12,366,8,3,12,1,Early
5,0,0,7,402,8,1,10,1,Early
5,0,0,4,229,4,12,21,3,Midday
5,0,0,5,37,0,20,23,5,Evening
6,0,0,10,408,8,5,10,1,Early
5,0,0,6,329,2,9,17,2,Morning
2,0,0,7,263,5,10,16,2,Morning
2,0,0,11,258,8,4,12,1,Early
5,0,0,4,107,2,20,23,5,Evening
4,0,0,9,342,5,4,13,1,Early
3,0,0,4,236,3,12,20,3,Midday
6,0,0,5,158,2,18,23,5,Evening
3,0,0,11,278,4,4,12,1,Early
5,0,0,10,291,7,6,11,1,Early
2,0,0,6,212,6,8,18,1,Early
4,0,0,7,318,5,9,16,2,Morning
4,0,0,3,167,0,17,22,5,Evening
4,0,0,11,278,7,3,10,1,Early
4,0,0,4,85,0,15,23,4,Afternoon
5,0,0,6,191,3,12,20,3,Midday
1,1,1,0,0,0,0,0,0,None
3,0,0,5,71,1,17,23,5,Evening
2,0,0,7,349,3,6,15,1,Early
3,0,0,2,179,0,20,23,5,Evening
2,0,0,6,168,3,14,18,4,Afternoon
4,0,0,4,72,2,14,22,4,Afternoon
2,0,0,5,85,3,12,17,3,Midday
6,0,0,10,430,3,5,10,1,Early
5,0,0,4,47,3,18,23,5,Evening
4,0,0,7,238,3,10,14,2,Morning
2,0,0,5,228,4,14,22,4,Afternoon
5,0,0,10,393,4,4,14,1,Early
3,0,0,4,169,0,15,23,4,Afternoon
2,0,0,7,402,8,6,12,1,Early
5,0,0,8,374,6,6,13,1,Early
3,0,0,4,198,3,11,17,3,Midday
5,0,0,0,0,0,0,0,0,None
5,0,0,5,86,0,16,23,4,Afternoon
5,0,0,5,312,3,9,17,2,Morning
4,0,0,3,115,1,18,23,5,Evening
5,0,0,5,58,2,17,21,5,Evening
5,0,0,4,153,1,15,19,4,Afternoon
5,0,0,4,286,2,11,21,3,Midday
5,0,0,2,81,1,16,21,4,Afternoon
4,0,0,3,162,1,17,23,5,Evening
5,0,0,10,268,4,1,10,1,Early
4,0,0,9,323,4,8,12,1,Early
6,0,0,5,171,0,17,23,5,Evening
6,0,0,10,291,5,5,11,1,Early
3,0,0,9,365,4,7,14,1,Early
4,0,0,7,201,3,10,19,2,Morning
3,0,0,7,354,3,5,15,1,Early
5,0,0,0,0,0,0,0,0,None
3,0,0,4,41,2,15,19,4,Afternoon
5,0,0,10,393,4,7,13,1,Early
3,0,1,0,0,1,0,0,0,None
5,0,0,7,330,8,2,10,1,Early
2,0,0,5,291,4,9,13,2,Morning
6,0,0,5,33,2,15,23,4,Afternoon
5,0,0,6,191,5,8,15,1,Early
6,0,0,6,283,2,9,19,2,Morning
5,0,0,9,328,7,1,10,1,Early
4,0,0,3,50,1,19,23,5,Evening
3,0,0,11,399,8,5,9,1,Early
3,0,0,7,269,5,9,16,2,Morning
4,0,0,8,293,5,9,14,2,Morning
6,0,0,4,49,3,17,23,5,Evening
2,0,0,2,115,1,15,23,4,Afternoon
6,0,0,12,349,8,7,13,1,Early
3,0,0,5,151,5,11,16,3,Midday
2,0,0,5,231,2,8,16,1,Early
2,0,0,12,269,4,4,8,1,Early
4,0,0,5,157,3,12,22,3,Midday
6,0,0,5,179,0,20,23,5,Evening
2,0,0,2,79,0,15,23,4,Afternoon
2,0,0,8,411,6,7,12,1,Early
2,0,0,5,167,1,18,23,5,Evening
6,0,0,4,119,3,13,21,4,Afternoon
3,0,1,0,0,0,0,0,0,None
6,0,0,5,254,2,10,17,2,Morning
6,0,0,4,129,1,17,23,5,Evening
2,0,0,12,423,8,2,9,1,Early
5,0,0,12,390,4,4,13,1,Early
5,0,0,9,280,6,8,17,1,Early
2,0,0,5,283,3,9,17,2,Morning
2,0,0,9,281,7,2,6,1,Early
4,0,0,2,84,0,19,23,5,Evening
2,0,0,3,63,1,19,23,5,Evening
2,0,0,4,178,1,13,20,4,Afternoon
6,0,0,4,299,3,11,20,3,Midday
5,0,0,9,269,3,9,14,2,Morning
3,0,0,11,399,3,5,14,1,Early
5,0,0,6,122,1,13,19,4,Afternoon
4,0,0,7,282,5,10,16,2,Morning
3,0,0,6,197,2,14,22,4,Afternoon
6,0,0,5,75,1,14,22,4,Afternoon
2,0,0,12,328,3,6,10,1,Early
3,0,0,3,95,3,12,20,3,Midday
2,0,0,5,78,1,16,21,4,Afternoon
6,0,0,9,343,4,8,12,1,Early
2,0,0,6,132,2,11,16,3,Midday
2,0,0,3,142,2,17,22,5,Evening
6,0,0,6,294,2,11,19,3,Midday
6,0,0,4,300,3,10,20,2,Morning
2,0,0,9,240,8,2,9,1,Early
6,0,0,4,157,2,10,18,2,Morning
3,0,0,7,437,8,1,8,1,Early
2,0,0,5,284,2,9,16,2,Morning
3,0,0,0,0,0,0,0,0,None
4,0,0,10,378,4,7,12,1,Early
6,0,0,12,366,4,5,11,1,Early
3,0,0,11,305,5,6,15,1,Early
3,0,0,0,0,0,0,0,0,None
3,0,0,8,307,5,1,7,1,Early
3,0,0,8,329,8,7,12,1,Early
3,0,0,9,469,8,2,11,1,Early
4,0,0,5,208,1,13,21,4,Afternoon
2,0,0,0,0,0,0,0,0,None
5,0,0,2,90,2,19,23,5,Evening
2,0,0,7,171,2,10,14,2,Morning
4,0,0,9,184,2,9,15,2,Morning
4,0,0,11,451,3,1,8,1,Early
5,0,0,0,0,0,0,0,0,None
4,0,0,8,292,4,8,16,1,Early
2,0,0,11,405,3,2,6,1,Early
3,0,0,5,124,1,15,22,4,Afternoon
3,0,1,4,124,0,17,23,5,Evening
5,0,0,2,45,1,18,23,5,Evening
4,0,0,11,395,6,4,12,1,Early
6,0,0,7,422,6,3,11,1,Early
6,0,0,6,264,5,11,20,3,Midday
3,0,0,4,36,1,17,23,5,Evening
2,0,0,5,82,1,16,23,4,Afternoon
2,0,0,8,296,7,2,6,1,Early
6,0,0,8,435,4,6,15,1,Early
3,0,0,4,78,3,14,21,4,Afternoon
3,0,0,9,273,3,6,16,1,Early
3,0,0,4,149,1,16,23,4,Afternoon
2,0,0,6,143,3,12,18,3,Midday
5,0,0,5,97,3,20,23,5,Evening
7,1,0,0,0,0,0,0,0,None
2,0,1,0,0,1,0,0,0,None
2,0,0,8,296,4,8,16,1,Early
5,0,0,4,151,1,13,20,4,Afternoon
4,0,0,8,377,8,1,10,1,Early
4,0,0,4,36,1,19,23,5,Evening
6,0,0,5,98,0,17,23,5,Evening
4,0,0,2,76,1,15,21,4,Afternoon
6,0,0,12,303,6,1,10,1,Early
5,0,0,5,158,2,12,19,3,Midday
6,0,0,3,39,2,18,23,5,Evening
2,0,0,9,280,3,3,9,1,Early
6,0,0,3,127,3,13,22,4,Afternoon
5,0,0,3,165,2,18,23,5,Evening
4,0,0,12,414,4,4,8,1,Early
5,0,0,4,205,2,10,19,2,Morning
5,0,0,0,0,0,0,0,0,None
5,0,0,2,102,0,20,23,5,Evening
4,0,0,5,86,3,15,21,4,Afternoon
2,0,0,12,326,6,5,11,1,Early
6,0,0,4,110,2,18,23,5,Evening
6,0,0,5,284,5,9,14,2,Morning
3,0,0,11,448,7,6,10,1,Early
3,0,1,10,474,7,4,10,1,Early
5,0,0,3,90,4,13,22,4,Afternoon
3,0,0,0,0,0,0,0,0,None
5,0,0,12,343,6,1,11,1,Early
3,0,0,5,337,2,8,14,1,Early
5,0,0,4,153,1,12,20,3,Midday
6,0,0,3,149,3,16,21,4,Afternoon
4,0,0,5,98,0,20,23,5,Evening
5,0,1,11,365,8,6,10,1,Early
4,0,0,6,223,4,11,20,3,Midday
5,0,0,3,30,0,15,23,4,Afternoon
2,0,0,7,224,4,11,20,3,Midday
5,0,0,7,132,3,11,17,3,Midday
2,0,0,7,468,5,1,10,1,Early
4,0,0,12,315,7,6,12,1,Early
6,0,0,2,122,2,19,23,5,Evening
4,0,0,5,155,1,17,23,5,Evening
5,0,0,11,275,3,5,13,1,Early
6,0,0,0,0,0,0,0,0,None
2,0,0,0,0,0,0,0,0,None
3,0,0,4,173,2,18,23,5,Evening
2,0,0,3,123,3,18,22,5,Evening
2,0,0,11,378,5,5,12,1,Early
2,0,0,11,256,3,5,11,1,Early
5,0,0,3,126,1,19,23,5,Evening
5,0,0,4,125,1,20,23,5,Evening
3,0,0,10,308,7,3,7,1,Early
4,0,0,8,318,7,2,7,1,Early
3,0,0,3,97,1,16,23,4,Afternoon
5,0,0,3,136,2,18,23,5,Evening
5,0,0,2,152,3,19,23,5,Evening
3,0,0,2,44,2,19,23,5,Evening
3,0,0,6,342,4,8,12,1,Early
3,0,0,4,55,2,18,23,5,Evening
2,0,0,7,249,7,6,10,1,Early
5,0,0,3,66,3,15,22,4,Afternoon
4,0,0,5,128,2,11,17,3,Midday
6,0,0,10,386,7,3,8,1,Early
6,0,0,11,467,6,7,16,1,Early
6,0,0,2,63,3,19,23,5,Evening
4,0,0,10,300,7,6,12,1,Early
3,0,0,5,190,5,8,16,1,Early
6,0,0,8,256,4,2,10,1,Early
2,0,0,9,301,6,4,11,1,Early
4,0,0,5,212,1,12,20,3,Midday
3,0,1,7,291,4,10,14,2,Morning
3,0,0,7,262,3,10,14,2,Morning
5,0,0,2,105,0,17,23,5,Evening
6,0,0,11,345,4,5,14,1,Early
4,0,0,7,296,5,9,15,2,Morning
2,0,0,4,165,0,16,23,4,Afternoon
5,0,0,10,314,8,1,11,1,Early
5,0,0,2,158,3,19,23,5,Evening
2,0,0,12,432,5,1,8,1,Early
2,0,1,9,308,8,3,8,1,Early
6,0,0,3,215,2,12,22,3,Midday
3,0,0,8,469,7,6,13,1,Early
4,0,0,9,200,5,9,19,2,Morning
6,0,0,4,136,2,18,22,5,Evening
2,0,0,4,82,2,17,23,5,Evening
3,0,0,6,73,4,12,21,3,Midday
2,0,0,2,149,2,16,23,4,Afternoon
6,0,0,4,75,2,12,19,3,Midday
2,0,0,6,321,4,8,16,1,Early
5,0,0,2,140,2,19,23,5,Evening
6,0,0,10,459,7,1,6,1,Early
2,0,0,5,127,3,10,18,2,Morning
4,0,0,7,440,6,4,10,1,Early
6,0,0,3,228,3,14,18,4,Afternoon
4,0,0,5,193,1,12,18,3,Midday
4,0,0,6,162,4,11,18,3,Midday
3,0,0,5,167,3,12,19,3,Midday
2,0,0,0,0,0,0,0,0,None
6,0,0,8,407,4,2,7,1,Early
4,0,0,5,171,2,10,20,2,Morning
6,0,0,3,128,0,20,23,5,Evening
5,0,0,11,478,6,2,9,1,Early
6,0,0,6,271,4,10,20,2,Morning
3,0,0,7,120,3,10,20,2,Morning
6,0,0,6,204,3,10,20,2,Morning
3,0,0,12,330,8,1,9,1,Early
6,0,0,9,456,5,5,13,1,Early
3,0,0,12,462,7,6,10,1,Early
4,0,0,9,327,4,5,9,1,Early
3,0,0,4,126,1,14,23,4,Afternoon
6,0,0,12,433,6,6,16,1,Early
4,0,0,5,85,1,17,23,5,Evening
3,0,0,10,262,8,4,12,1,Early
4,0,0,6,340,2,8,18,1,Early
4,0,0,4,75,0,18,23,5,Evening
3,0,0,11,448,6,7,15,1,Early
5,0,1,5,152,0,15,23,4,Afternoon
6,0,0,11,241,7,3,11,1,Early
5,0,0,7,260,6,8,16,1,Early
6,0,0,5,173,2,11,21,3,Midday
4,0,0,8,227,2,9,16,2,Morning
2,0,0,10,479,5,3,10,1,Early
2,0,0,6,193,3,11,17,3,Midday
5,0,0,3,75,1,13,17,4,Afternoon
5,0,0,3,86,2,13,20,4,Afternoon
3,0,0,9,301,6,7,14,1,Early
2,0,0,11,272,7,7,13,1,Early
5,0,0,6,199,2,11,21,3,Midday
5,0,0,11,248,5,7,17,1,Early
6,0,0,7,231,2,8,17,1,Early
2,0,0,4,190,3,10,17,2,Morning
6,0,0,3,138,2,14,21,4,Afternoon
4,0,0,5,151,2,13,22,4,Afternoon
5,0,0,6,134,1,12,17,3,Midday
3,0,0,11,385,6,6,10,1,Early
2,0,0,8,388,3,2,8,1,Early
6,0,0,5,87,2,17,22,5,Evening
6,0,0,3,65,3,15,22,4,Afternoon
5,0,0,9,308,5,1,8,1,Early
5,0,0,8,472,8,2,11,1,Early
3,0,0,11,305,8,3,10,1,Early
5,0,0,12,409,6,2,6,1,Early
4,0,0,5,61,2,14,21,4,Afternoon
2,0,0,5,202,4,8,16,1,Early
3,0,0,5,259,4,8,13,1,Early
3,0,0,10,348,7,3,9,1,Early
3,0,0,3,119,4,14,23,4,Afternoon
6,0,0,0,0,0,0,0,0,None
6,0,0,4,143,2,20,23,5,Evening
3,0,0,4,151,3,16,23,4,Afternoon
4,0,0,2,170,1,16,23,4,Afternoon
5,0,0,4,40,0,20,23,5,Evening
2,0,0,10,432,4,2,8,1,Early
3,0,0,6,300,3,11,20,3,Midday
2,0,0,9,412,3,2,6,1,Early
3,0,0,3,109,1,20,23,5,Evening
5,0,0,0,0,0,0,0,0,None
6,0,0,7,209,2,11,16,3,Midday
4,0,0,5,96,1,18,23,5,Evening
6,0,0,6,106,1,14,19,4,Afternoon
3,0,0,11,299,7,1,11,1,Early
2,0,0,8,423,6,6,13,1,Early
4,0,0,5,176,1,13,21,4,Afternoon
5,0,0,5,81,3,13,18,4,Afternoon
3,0,0,4,295,4,10,15,2,Morning
3,0,0,5,133,0,15,23,4,Afternoon
2,0,0,11,317,5,4,10,1,Early
5,0,1,0,0,1,0,0,0,None
4,0,0,3,140,0,20,23,5,Evening
4,0,0,8,364,3,7,12,1,Early
3,0,0,4,153,3,13,21,4,Afternoon
2,0,0,5,253,3,11,16,3,Midday
2,0,0,4,222,4,10,14,2,Morning
4,0,0,9,452,7,7,12,1,Early
5,0,0,3,134,0,20,23,5,Evening
2,0,0,4,156,2,13,20,4,Afternoon
5,0,0,7,355,6,9,18,2,Morning
5,0,0,5,233,2,10,14,2,Morning
5,0,0,6,204,2,12,20,3,Midday
4,0,0,7,312,8,1,8,1,Early
3,0,0,5,326,3,8,17,1,Early
2,0,0,3,157,2,12,16,3,Midday
4,0,1,3,142,3,18,23,5,Evening
3,0,0,8,361,8,2,10,1,Early
5,0,0,5,197,5,11,15,3,Midday
5,0,0,12,416,6,5,14,1,Early
6,0,0,4,34,0,16,23,4,Afternoon
5,0,1,12,385,5,7,11,1,Early
5,0,1,3,109,3,17,23,5,Evening
2,0,0,9,432,4,3,11,1,Early
5,0,0,10,331,7,5,11,1,Early
5,0,0,4,168,4,14,19,4,Afternoon
3,0,0,4,216,3,14,18,4,Afternoon
4,0,1,0,0,0,0,0,0,None
6,0,0,3,36,3,19,23,5,Evening
2,0,0,10,389,3,6,16,1,Early
5,0,0,6,159,2,11,18,3,Midday
4,0,0,5,128,4,14,23,4,Afternoon
6,0,0,10,346,3,7,16,1,Early
6,0,0,3,120,1,18,23,5,Evening
3,0,0,7,177,2,11,21,3,Midday
6,0,0,4,93,1,15,23,4,Afternoon
2,0,0,5,58,0,15,23,4,Afternoon
3,0,1,6,101,3,12,21,3,Midday
2,0,0,4,160,2,18,23,5,Evening
5,0,0,5,231,3,11,15,3,Midday
5,0,0,4,74,1,17,23,5,Evening
4,0,0,4,130,4,14,19,4,Afternoon
6,0,0,3,165,2,17,23,5,Evening
5,0,0,4,177,4,14,23,4,Afternoon
5,0,0,5,168,3,10,16,2,Morning
6,0,0,3,179,2,17,23,5,Evening
3,0,0,3,134,0,17,21,5,Evening
6,0,0,9,422,3,1,8,1,Early
6,0,0,2,110,2,15,23,4,Afternoon
6,0,0,4,96,3,20,23,5,Evening
4,0,0,4,160,5,11,21,3,Midday
5,0,0,5,45,3,19,23,5,Evening
5,0,1,3,110,1,15,23,4,Afternoon
3,0,0,12,338,7,2,11,1,Early
5,0,0,12,387,8,1,5,1,Early
4,0,0,5,225,4,11,18,3,Midday
3,0,0,3,64,1,13,20,4,Afternoon
3,0,0,12,309,7,4,11,1,Early
6,0,0,3,56,2,20,23,5,Evening
4,0,0,7,423,5,6,10,1,Early
1,1,0,0,0,0,0,0,0,None
6,0,0,10,268,8,4,10,1,Early
4,0,0,5,156,4,13,22,4,Afternoon
2,0,0,9,350,2,8,15,1,Early
2,0,0,5,154,2,18,23,5,Evening
6,0,0,3,57,2,20,23,5,Evening
5,0,0,4,70,4,13,20,4,Afternoon
2,0,0,6,86,3,13,23,4,Afternoon
3,0,0,4,163,4,14,19,4,Afternoon
5,0,0,5,224,4,10,15,2,Morning
5,0,0,3,186,2,13,19,4,Afternoon
3,0,0,4,79,1,20,23,5,Evening
2,0,0,5,177,0,17,22,5,Evening
2,0,0,8,315,8,3,7,1,Early
5,0,0,10,277,8,7,14,1,Early
3,0,0,5,82,1,12,17,3,Midday
6,0,0,3,130,1,12,20,3,Midday
3,0,0,6,209,3,9,13,2,Morning
5,0,0,3,96,2,19,23,5,Evening
3,0,0,3,148,0,16,21,4,Afternoon
6,0,0,7,324,7,1,7,1,Early
5,0,0,4,38,0,19,23,5,Evening
6,0,0,9,244,4,7,12,1,Early
6,0,0,8,242,4,8,18,1,Early
3,0,0,4,126,3,14,23,4,Afternoon
3,0,1,5,152,3,13,23,4,Afternoon
5,0,0,12,393,4,1,5,1,Early
3,0,0,6,86,2,12,19,3,Midday
4,0,0,5,176,1,12,18,3,Midday
4,0,0,0,0,0,0,0,0,None
4,0,0,4,189,2,10,15,2,Morning
6,0,0,12,454,4,5,13,1,Early
3,0,0,3,179,1,19,23,5,Evening
5,0,0,6,178,4,10,14,2,Morning
5,0,0,4,116,2,17,23,5,Evening
4,0,0,2,151,0,18,23,5,Evening
5,0,0,3,116,1,15,21,4,Afternoon
3,0,0,6,239,3,11,18,3,Midday
3,0,0,5,34,1,16,23,4,Afternoon
6,0,0,4,90,1,17,23,5,Evening
6,0,0,5,141,3,11,18,3,Midday
4,0,0,10,423,3,7,16,1,Early
2,0,0,8,374,5,3,10,1,Early
5,0,0,2,151,0,16,23,4,Afternoon
2,0,0,5,140,1,15,19,4,Afternoon
2,0,1,5,55,2,15,21,4,Afternoon
3,0,0,8,479,7,6,15,1,Early
4,0,0,12,299,7,3,10,1,Early
6,0,0,6,321,4,8,15,1,Early
4,0,0,3,199,1,14,18,4,Afternoon
5,0,0,5,36,3,18,23,5,Evening
4,0,0,4,90,3,13,21,4,Afternoon
4,0,1,3,82,0,17,23,5,Evening
5,0,0,7,225,3,8,15,1,Early
3,0,0,4,231,4,13,21,4,Afternoon
5,0,0,4,104,1,18,23,5,Evening
4,0,0,7,324,6,4,8,1,Early
2,0,0,7,301,8,1,5,1,Early
5,0,0,4,44,2,16,23,4,Afternoon
5,0,0,4,165,2,13,20,4,Afternoon
3,0,0,10,339,4,2,6,1,Early
5,0,0,5,216,4,12,20,3,Midday
6,0,0,4,178,2,20,23,5,Evening
3,0,0,3,176,1,16,23,4,Afternoon
6,0,0,4,158,2,15,23,4,Afternoon
5,0,0,7,398,6,2,10,1,Early
5,0,0,6,198,3,10,19,2,Morning
6,0,0,12,374,7,5,10,1,Early
3,0,0,9,450,8,7,15,1,Early
4,0,0,4,92,1,19,23,5,Evening
5,0,0,2,40,0,18,23,5,Evening
6,0,0,5,240,4,14,18,4,Afternoon
6,0,0,2,128,1,19,23,5,Evening
2,0,0,5,80,1,18,23,5,Evening
6,0,0,4,176,0,17,22,5,Evening
4,0,0,5,137,2,18,23,5,Evening
4,0,0,5,177,1,14,18,4,Afternoon
6,0,0,7,204,4,11,21,3,Midday
4,0,0,6,150,3,12,18,3,Midday
2,0,0,8,429,4,1,10,1,Early
6,0,0,11,425,7,1,9,1,Early
2,0,0,7,436,3,2,7,1,Early
4,0,0,5,215,2,12,18,3,Midday
2,0,0,4,168,2,16,23,4,Afternoon
2,0,0,12,335,8,2,11,1,Early
5,0,0,12,265,6,5,14,1,Early
2,0,0,9,322,5,5,9,1,Early
4,0,0,10,309,5,7,14,1,Early
5,0,0,10,435,6,7,13,1,Early
4,0,0,3,120,2,20,23,5,Evening
6,0,0,9,346,4,4,13,1,Early
5,0,0,0,0,0,0,0,0,None
4,0,0,5,283,4,9,14,2,Morning
6,0,0,5,208,5,9,13,2,Morning
4,0,0,3,146,4,14,22,4,Afternoon
5,0,0,5,269,2,11,19,3,Midday
6,0,0,5,101,3,16,23,4,Afternoon
6,0,0,8,447,5,5,13,1,Early
6,0,0,3,196,3,13,20,4,Afternoon
5,0,0,4,165,0,15,23,4,Afternoon
4,0,0,2,127,2,19,23,5,Evening
4,0,0,4,75,0,17,23,5,Evening
5,0,0,8,425,3,4,10,1,Early
2,0,0,8,398,6,7,12,1,Early
2,0,0,3,154,2,12,18,3,Midday
3,0,0,12,352,8,6,14,1,Early
3,0,0,9,401,7,6,16,1,Early
4,0,0,7,298,3,10,20,2,Morning
4,0,0,11,453,3,3,9,1,Early
5,0,0,11,422,7,1,8,1,Early
5,0,0,11,355,6,5,9,1,Early
3,0,0,3,96,2,19,23,5,Evening
6,0,0,3,93,3,18,22,5,Evening
3,0,0,6,280,3,9,16,2,Morning
6,0,0,11,315,8,3,11,1,Early
6,0,0,6,154,2,12,17,3,Midday
5,0,0,11,334,6,1,6,1,Early
2,0,0,2,73,1,18,23,5,Evening
5,0,0,3,76,4,14,23,4,Afternoon
5,0,0,8,275,4,7,13,1,Early
6,0,0,2,152,2,16,23,4,Afternoon
6,0,1,7,328,8,1,6,1,Early
6,0,0,8,347,5,1,8,1,Early
3,0,0,8,437,6,6,12,1,Early
4,0,0,5,157,1,12,19,3,Midday
2,0,0,4,139,0,19,23,5,Evening
3,0,0,5,40,0,15,23,4,Afternoon
5,0,0,11,419,8,1,9,1,Early
3,0,0,8,225,3,9,16,2,Morning
4,0,0,4,104,3,16,23,4,Afternoon
6,0,0,11,419,4,3,7,1,Early
6,0,0,4,67,3,14,23,4,Afternoon
4,0,0,7,219,5,10,19,2,Morning
6,0,0,6,137,2,14,21,4,Afternoon
6,0,0,4,69,2,17,23,5,Evening
5,0,0,2,177,3,17,23,5,Evening
2,0,0,10,467,8,7,14,1,Early
5,0,0,7,262,2,9,14,2,Morning
2,0,0,3,64,3,15,21,4,Afternoon
3,0,0,5,92,3,12,16,3,Midday
2,0,0,6,148,4,14,23,4,Afternoon
4,0,0,5,48,3,16,23,4,Afternoon
2,0,0,3,215,3,12,21,3,Midday
6,0,0,6,232,2,12,22,3,Midday
5,0,0,4,210,4,10,18,2,Morning
5,0,0,2,62,0,18,23,5,Evening
2,0,0,0,0,0,0,0,0,None
4,0,0,7,289,2,8,15,1,Early
3,0,0,10,289,6,1,10,1,Early
5,0,0,5,274,4,11,18,3,Midday
4,0,0,5,139,2,17,23,5,Evening
7,1,0,0,0,0,0,0,0,None
4,0,0,12,393,6,3,10,1,Early
7,1,0,0,0,0,0,0,0,None
5,0,0,5,192,1,12,18,3,Midday
6,0,0,9,473,8,7,13,1,Early
3,0,0,7,263,4,4,11,1,Early
2,0,0,6,208,3,9,18,2,Morning
3,0,0,9,279,5,1,6,1,Early
6,0,0,5,360,4,9,16,2,Morning
3,0,0,4,120,1,14,19,4,Afternoon
3,0,0,5,287,4,9,15,2,Morning
4,0,0,12,430,4,1,5,1,Early
3,0,0,11,363,6,5,11,1,Early
2,0,0,12,251,3,2,9,1,Early
4,0,0,11,260,7,4,14,1,Early
6,0,0,2,128,0,17,23,5,Evening
4,0,0,5,171,4,11,18,3,Midday
3,0,0,11,339,4,3,9,1,Early
5,0,0,4,72,0,20,23,5,Evening
5,0,0,5,239,3,9,16,2,Morning
5,0,0,8,257,6,2,9,1,Early
2,0,0,11,376,8,1,8,1,Early
2,0,1,4,51,3,15,23,4,Afternoon
4,0,0,2,112,0,19,23,5,Evening
3,0,0,7,186,3,9,13,2,Morning
4,0,0,5,139,3,12,18,3,Midday
2,0,0,4,78,3,18,23,5,Evening
3,0,0,9,265,6,8,14,1,Early
5,0,1,4,127,0,16,23,4,Afternoon
2,0,0,8,423,4,4,12,1,Early
2,0,0,3,114,3,17,23,5,Evening
6,0,0,5,70,2,16,23,4,Afternoon
4,0,0,5,174,0,17,23,5,Evening
4,0,0,9,240,8,2,7,1,Early
6,0,0,9,280,6,8,18,1,Early
4,0,0,5,142,0,17,23,5,Evening
4,0,0,3,159,1,14,20,4,Afternoon
5,0,0,5,136,3,15,23,4,Afternoon
6,0,1,12,476,4,2,12,1,Early
5,0,0,3,90,2,18,22,5,Evening
4,0,0,3,81,3,20,23,5,Evening
2,0,0,3,61,2,19,23,5,Evening
2,0,0,10,297,4,7,16,1,Early
2,0,0,2,106,3,19,23,5,Evening
4,0,0,10,361,5,4,13,1,Early
4,0,0,12,409,5,5,13,1,Early
6,0,0,10,351,4,2,9,1,Early
2,0,0,10,317,5,6,13,1,Early
5,0,0,11,256,6,2,9,1,Early
5,0,0,3,207,3,12,20,3,Midday
3,0,0,10,384,4,6,15,1,Early
4,0,0,10,312,4,7,13,1,Early
5,0,0,8,238,3,9,19,2,Morning
5,0,0,2,34,2,16,23,4,Afternoon
3,0,0,4,42,3,17,23,5,Evening
2,0,0,9,399,6,2,7,1,Early
5,0,0,7,472,4,4,12,1,Early
2,0,1,2,168,3,17,23,5,Evening
5,0,1,9,343,2,8,12,1,Early
5,0,0,2,76,2,20,23,5,Evening
6,0,0,5,166,2,17,23,5,Evening
3,0,0,5,260,4,9,15,2,Morning
6,0,0,0,0,0,0,0,0,None
4,0,0,5,227,3,10,14,2,Morning
4,0,1,6,257,6,9,18,2,Morning
5,0,0,9,252,5,5,12,1,Early
4,0,0,12,337,4,7,14,1,Early
4,0,0,5,52,3,20,23,5,Evening
4,0,0,6,143,2,13,23,4,Afternoon
2,0,0,4,68,0,16,23,4,Afternoon
7,1,0,0,0,0,0,0,0,None
4,0,0,9,248,8,3,11,1,Early
4,0,0,5,53,2,18,23,5,Evening
4,0,0,4,170,3,11,15,3,Midday
4,0,0,4,110,2,16,21,4,Afternoon
4,0,0,8,287,5,9,14,2,Morning
4,0,0,10,361,8,3,11,1,Early
3,0,0,4,61,3,13,22,4,Afternoon
5,0,0,11,419,6,4,13,1,Early
6,0,0,0,0,0,0,0,0,None
3,0,0,3,147,0,20,23,5,Evening
6,0,0,5,68,3,13,21,4,Afternoon
6,0,0,8,324,7,5,14,1,Early
2,0,0,9,276,3,9,14,2,Morning
2,0,0,5,65,3,18,23,5,Evening
5,0,0,4,50,2,17,23,5,Evening
6,0,1,9,422,5,3,13,1,Early
4,0,0,5,92,2,14,18,4,Afternoon
6,0,0,0,0,0,0,0,0,None
4,0,0,3,116,2,15,23,4,Afternoon
6,0,1,11,448,5,1,8,1,Early
3,0,0,10,440,4,4,9,1,Early
6,0,0,7,225,6,9,16,2,Morning
4,0,0,4,180,1,14,20,4,Afternoon
2,0,0,6,265,4,10,16,2,Morning
2,0,0,3,90,1,18,23,5,Evening
4,0,0,9,248,2,8,17,1,Early
4,0,0,11,365,4,3,7,1,Early
5,0,0,7,437,4,4,10,1,Early
5,0,0,5,46,1,18,23,5,Evening
2,0,0,0,0,0,0,0,0,None
4,0,0,5,109,0,17,23,5,Evening
6,0,0,4,48,2,19,23,5,Evening
2,0,0,12,339,7,6,15,1,Early
2,0,0,4,115,2,15,23,4,Afternoon
5,0,0,4,100,1,16,21,4,Afternoon
5,0,0,6,239,3,14,21,4,Afternoon
5,0,0,5,110,3,20,23,5,Evening
4,0,0,5,258,3,9,16,2,Morning
4,0,0,7,423,5,7,17,1,Early
6,0,1,4,141,2,19,23,5,Evening
2,0,0,5,131,3,16,20,4,Afternoon
4,0,0,2,99,0,18,23,5,Evening
7,1,0,0,0,0,0,0,0,None
3,0,0,8,359,8,6,12,1,Early
3,0,0,3,114,2,12,20,3,Midday
4,0,0,5,65,0,19,23,5,Evening
3,0,1,2,50,3,19,23,5,Evening
4,0,0,8,331,2,8,18,1,Early
2,0,0,10,475,3,7,11,1,Early
6,0,0,12,306,3,5,13,1,Early
5,0,0,9,449,7,7,16,1,Early
2,0,0,7,334,5,7,11,1,Early
2,0,0,4,177,3,15,23,4,Afternoon
4,0,0,7,314,3,4,8,1,Early
4,0,0,4,54,1,16,23,4,Afternoon
2,0,0,12,241,3,5,9,1,Early
6,0,0,6,130,1,12,19,3,Midday
3,0,0,2,133,0,18,23,5,Evening
2,0,0,3,81,0,20,23,5,Evening
2,0,0,3,145,2,18,23,5,Evening
3,0,0,4,239,4,11,21,3,Midday
4,0,0,11,414,5,6,15,1,Early
3,0,0,5,168,2,18,23,5,Evening
4,0,0,5,195,3,12,16,3,Midday
6,0,0,9,419,4,3,13,1,Early
3,0,0,11,374,4,1,7,1,Early
5,0,0,12,367,7,7,12,1,Early
3,0,1,5,264,3,10,19,2,Morning
2,0,0,9,295,3,2,7,1,Early
2,0,0,10,412,6,5,15,1,Early
3,0,0,3,102,0,18,23,5,Evening
5,0,0,6,156,4,10,17,2,Morning
5,0,0,6,131,1,12,20,3,Midday
5,0,0,9,325,5,1,6,1,Early
4,0,0,7,265,8,3,12,1,Early
4,0,0,10,337,5,3,12,1,Early
2,0,0,9,346,8,7,11,1,Early
3,0,1,10,453,6,7,11,1,Early
2,0,0,9,380,6,3,8,1,Early
2,0,0,9,460,4,1,5,1,Early
5,0,0,8,213,4,9,15,2,Morning
3,0,0,11,292,3,2,11,1,Early
2,0,1,11,335,8,6,14,1,Early
2,0,0,5,222,6,8,12,1,Early
3,0,0,11,393,3,6,12,1,Early
5,0,0,11,317,8,1,7,1,Early
2,0,1,6,163,3,12,21,3,Midday
4,0,0,4,160,2,19,23,5,Evening
6,0,0,10,339,8,4,11,1,Early
5,0,0,12,377,4,2,7,1,Early
4,0,0,2,77,2,20,23,5,Evening
4,0,0,2,169,2,20,23,5,Evening
4,0,0,7,126,3,10,17,2,Morning
2,0,0,2,78,1,18,23,5,Evening
6,0,0,3,124,3,16,23,4,Afternoon
4,0,0,5,153,1,13,21,4,Afternoon
5,0,0,4,124,4,11,21,3,Midday
3,0,0,9,457,7,1,6,1,Early
5,0,0,12,419,7,5,13,1,Early
2,0,0,3,152,0,20,23,5,Evening
4,0,1,12,476,7,5,12,1,Early
3,0,0,9,271,5,9,13,2,Morning
6,0,0,4,252,2,11,18,3,Midday
4,0,0,8,443,3,1,9,1,Early
4,0,0,5,218,4,8,12,1,Early
5,0,0,4,48,2,19,23,5,Evening
5,0,0,9,279,4,6,10,1,Early
3,0,0,8,373,7,6,15,1,Early
6,0,0,5,355,4,8,18,1,Early
4,0,0,5,155,0,19,23,5,Evening
5,0,0,0,0,0,0,0,0,None
4,0,0,7,288,4,2,12,1,Early
5,0,0,3,114,3,17,23,5,Evening
6,0,0,5,100,3,16,20,4,Afternoon
5,0,0,8,388,3,4,9,1,Early
3,0,0,5,335,5,9,15,2,Morning
5,0,0,7,260,6,6,10,1,Early
6,0,0,4,216,3,14,18,4,Afternoon
5,0,0,2,170,3,15,23,4,Afternoon
4,0,1,7,164,4,10,20,2,Morning
4,0,0,5,158,1,16,20,4,Afternoon
2,0,0,5,84,1,16,23,4,Afternoon
2,0,0,4,170,4,11,18,3,Midday
6,0,0,8,325,6,3,12,1,Early
5,0,0,12,344,4,3,8,1,Early
5,0,0,3,144,4,14,19,4,Afternoon
5,0,0,6,195,4,14,23,4,Afternoon
3,0,0,3,43,2,16,23,4,Afternoon
2,0,0,11,379,3,7,15,1,Early
2,0,0,5,169,5,11,17,3,Midday
2,0,0,3,195,1,14,20,4,Afternoon
5,0,0,10,322,5,7,14,1,Early
4,0,0,5,281,3,11,21,3,Midday
4,0,0,5,62,1,20,23,5,Evening
5,0,0,3,33,3,19,23,5,Evening
4,0,0,7,472,6,7,17,1,Early
2,0,0,10,476,4,6,14,1,Early
3,0,0,2,113,3,19,23,5,Evening
6,0,0,3,200,3,14,18,4,Afternoon
6,0,1,7,287,4,8,15,1,Early
6,0,0,6,285,5,11,21,3,Midday
3,0,0,4,133,3,16,23,4,Afternoon
3,0,0,2,42,1,16,23,4,Afternoon
3,0,0,4,114,1,20,23,5,Evening
2,0,0,11,301,8,5,11,1,Early
3,0,0,11,270,5,7,14,1,Early
1,1,0,0,0,0,0,0,0,None
5,0,0,9,402,5,2,6,1,Early
4,0,0,10,325,5,6,14,1,Early
5,0,0,3,88,2,18,23,5,Evening
4,0,0,8,243,7,1,10,1,Early
5,0,0,4,242,4,10,14,2,Morning
3,0,0,10,243,3,4,12,1,Early
6,0,0,0,0,0,0,0,0,None
6,0,1,12,388,4,3,12,1,Early
6,0,0,7,381,7,4,13,1,Early
3,0,0,9,322,8,1,10,1,Early
5,0,0,11,256,8,5,15,1,Early
4,0,0,5,165,0,20,23,5,Evening
2,0,0,4,53,1,20,23,5,Evening
2,0,0,4,71,0,18,23,5,Evening
3,0,0,7,426,6,2,11,1,Early
4,0,1,11,329,7,3,11,1,Early
6,0,0,10,334,5,5,10,1,Early
2,0,0,10,348,5,6,11,1,Early
5,0,0,6,172,4,13,23,4,Afternoon
5,0,0,4,144,1,19,23,5,Evening
2,0,0,3,93,1,13,19,4,Afternoon
5,0,0,5,344,6,8,15,1,Early
6,0,0,12,274,3,6,11,1,Early
5,0,0,3,151,1,18,23,5,Evening
2,0,0,5,60,1,16,21,4,Afternoon
2,0,0,3,76,2,15,19,4,Afternoon
4,0,0,5,86,3,17,23,5,Evening
5,0,0,9,359,5,9,18,2,Morning
4,0,0,8,404,4,1,7,1,Early
3,0,0,6,323,5,9,19,2,Morning
5,0,0,4,94,0,18,23,5,Evening
4,0,0,3,67,3,15,23,4,Afternoon
4,0,0,8,315,6,7,17,1,Early
5,0,0,3,155,1,16,23,4,Afternoon
2,0,0,5,248,6,8,12,1,Early
6,0,0,9,325,3,7,12,1,Early
3,0,0,12,326,6,2,6,1,Early
5,0,0,3,221,1,12,22,3,Midday
2,0,0,11,243,6,1,6,1,Early
6,0,0,0,0,0,0,0,0,None
2,0,0,6,113,2,12,16,3,Midday
4,0,0,3,161,0,15,22,4,Afternoon
2,0,0,9,327,8,6,12,1,Early
6,0,0,5,228,5,8,18,1,Early
4,0,0,3,149,4,14,23,4,Afternoon
4,0,0,5,290,2,9,18,2,Morning
4,0,0,3,92,1,18,23,5,Evening
2,0,0,5,212,2,10,19,2,Morning
3,0,0,2,154,3,19,23,5,Evening
4,0,0,7,470,5,3,9,1,Early
5,0,0,6,218,5,10,17,2,Morning
5,0,0,4,39,3,19,23,5,Evening
5,0,0,11,350,3,6,11,1,Early
5,0,0,7,209,4,10,16,2,Morning
6,0,0,9,350,2,8,14,1,Early
5,0,0,9,448,6,6,12,1,Early
2,0,0,3,66,3,15,22,4,Afternoon
4,0,0,5,50,3,15,23,4,Afternoon
2,0,0,0,0,0,0,0,0,None
2,0,0,11,479,8,4,10,1,Early
2,0,0,3,85,2,13,17,4,Afternoon
5,0,0,7,404,8,2,12,1,Early
5,0,0,8,379,6,3,13,1,Early
6,0,0,4,123,3,11,19,3,Midday
2,0,1,7,345,6,3,13,1,Early
6,0,0,0,0,0,0,0,0,None
6,0,0,3,69,4,14,18,4,Afternoon
2,0,0,3,157,2,15,19,4,Afternoon
6,0,0,6,234,4,13,17,4,Afternoon
2,0,0,8,340,8,3,10,1,Early
6,0,0,9,251,4,5,15,1,Early
4,0,0,3,89,0,19,23,5,Evening
2,0,1,0,0,0,0,0,0,None
6,0,0,8,398,6,6,10,1,Early
6,0,0,6,209,2,11,20,3,Midday
4,0,0,5,80,3,15,23,4,Afternoon
3,0,0,4,151,0,17,23,5,Evening
6,0,0,10,306,7,1,6,1,Early
2,0,0,10,267,8,1,7,1,Early
2,0,0,12,302,6,7,12,1,Early
6,0,0,3,37,3,19,23,5,Evening
2,0,0,4,108,0,18,22,5,Evening
2,0,0,2,131,0,16,22,4,Afternoon
6,0,0,5,70,3,18,23,5,Evening
4,0,0,5,353,6,8,17,1,Early
3,0,0,6,148,3,10,16,2,Morning
4,0,0,0,0,0,0,0,0,None
4,0,0,8,315,6,8,14,1,Early
2,0,0,4,168,5,11,17,3,Midday
5,0,0,6,327,2,8,14,1,Early
2,0,0,2,154,1,18,23,5,Evening
4,0,0,5,234,5,10,15,2,Morning
4,0,0,9,201,6,9,16,2,Morning
5,0,0,7,199,5,11,17,3,Midday
5,0,0,4,85,1,16,23,4,Afternoon
6,0,0,7,123,2,11,21,3,Midday
2,0,0,10,392,8,2,6,1,Early
2,0,0,10,277,3,7,15,1,Early
6,0,0,12,337,6,4,8,1,Early
6,0,0,6,272,5,11,15,3,Midday
5,0,0,4,110,2,20,23,5,Evening
2,0,0,4,179,3,15,21,4,Afternoon
6,0,0,5,116,0,16,20,4,Afternoon
4,0,0,3,38,3,19,23,5,Evening
2,0,0,4,31,1,15,23,4,Afternoon
3,0,0,5,32,3,15,21,4,Afternoon
2,0,0,9,362,3,6,10,1,Early
7,1,0,0,0,0,0,0,0,None
5,0,0,5,227,4,12,19,3,Midday
6,0,0,11,268,4,2,6,1,Early
5,0,0,2,78,0,16,23,4,Afternoon
3,0,0,4,130,4,10,20,2,Morning
6,0,0,3,89,2,16,23,4,Afternoon
3,0,0,7,279,6,4,12,1,Early
5,0,0,6,131,2,13,21,4,Afternoon
3,0,0,3,159,0,15,22,4,Afternoon
3,0,1,5,156,0,20,23,5,Evening
2,0,0,0,0,0,0,0,0,None
5,0,0,3,31,3,16,21,4,Afternoon
3,0,0,4,117,2,12,19,3,Midday
5,0,0,4,167,3,20,23,5,Evening
6,0,0,12,376,4,3,11,1,Early
2,0,0,5,246,4,8,12,1,Early
3,0,1,8,254,7,2,10,1,Early
4,0,0,3,140,2,20,23,5,Evening
5,0,1,5,160,0,16,21,4,Afternoon
4,0,1,12,289,5,3,8,1,Early
4,0,0,2,34,3,15,20,4,Afternoon
2,0,0,9,324,4,3,10,1,Early
2,0,0,10,467,3,7,13,1,Early
4,0,0,7,286,3,2,7,1,Early
7,1,0,0,0,0,0,0,0,None
6,0,0,12,314,3,7,15,1,Early
4,0,0,12,347,8,5,14,1,Early
4,0,1,10,390,6,1,9,1,Early
2,0,0,5,49,2,15,23,4,Afternoon
6,0,0,4,109,3,13,22,4,Afternoon
4,0,1,11,339,3,2,9,1,Early
5,0,0,7,380,3,2,8,1,Early
5,0,1,2,43,1,20,23,5,Evening
2,0,0,6,147,3,10,18,2,Morning
5,0,0,11,334,3,4,12,1,Early
6,0,1,3,67,0,19,23,5,Evening
5,0,0,6,291,2,10,15,2,Morning
6,0,0,10,478,5,4,10,1,Early
2,0,0,5,116,0,16,23,4,Afternoon
6,0,0,2,141,3,15,20,4,Afternoon
4,0,0,5,274,4,8,12,1,Early
2,0,0,11,263,8,3,8,1,Early
3,0,0,2,48,3,17,22,5,Evening
5,0,0,5,167,2,20,23,5,Evening
3,0,0,4,136,3,13,19,4,Afternoon
6,0,0,5,349,6,8,18,1,Early
7,1,0,0,0,0,0,0,0,None
3,0,0,5,45,0,20,23,5,Evening
5,0,0,4,51,2,15,23,4,Afternoon
2,0,0,12,425,3,1,5,1,Early
4,0,1,0,0,0,0,0,0,None
4,0,0,9,406,7,6,12,1,Early
4,0,0,7,444,3,4,9,1,Early
2,0,0,3,150,0,18,23,5,Evening
2,0,0,5,285,4,10,18,2,Morning
5,0,0,0,0,0,0,0,0,None
3,0,0,12,403,7,2,12,1,Early
5,0,0,3,109,3,19,23,5,Evening
5,0,0,3,65,1,14,19,4,Afternoon
